id,source_split,function_name,repository,original_file_name,function_file,human_test_file,human_test_available,code_length,has_if,has_switch,has_loop,has_comparison,raw_code_column,raw_test_column,selection_score
function_0347,test-00000-of-00001,Hash,google/leveldb,hash,datasets/extracted/functions/function_0347_Hash.cpp,,False,834,True,True,True,True,Code,File Path for Unit Test,13
function_1887,train-00000-of-00001,BuildMessage,tensorflow/tensorflow,logging,datasets/extracted/functions/function_1887_BuildMessage.cpp,,False,1133,True,True,True,True,Code,File Path for Unit Test,13
function_1342,train-00000-of-00001,CASE_4,google/arolla,switch_index,datasets/extracted/functions/function_1342_CASE_4.cpp,,False,1457,True,True,True,True,Code,File Path for Unit Test,13
function_0704,test-00000-of-00001,FNMatch,abseil/abseil-cpp,fnmatch,datasets/extracted/functions/function_0704_FNMatch.cpp,,False,1492,True,True,True,True,Code,File Path for Unit Test,13
function_1041,train-00000-of-00001,IsValidMetricName,google/tensorstore,metadata,datasets/extracted/functions/function_1041_IsValidMetricName.cpp,,False,1595,True,True,True,True,Code,File Path for Unit Test,13
function_0060,eval-00000-of-00001,BrainPadding2EigenPadding,tensorflow/tensorflow,ops_util,datasets/extracted/functions/function_0060_BrainPadding2EigenPadding.cpp,,False,1632,True,True,True,True,Code,File Path for Unit Test,13
function_2701,train-00000-of-00001,ScopedActivateContext,tensorflow/tensorflow,scoped_activate_context,datasets/extracted/functions/function_2701_ScopedActivateContext.cpp,,False,1794,True,True,True,True,Code,File Path for Unit Test,13
function_0751,test-00000-of-00001,NgHttp2Session,google/quiche,nghttp2_session,datasets/extracted/functions/function_0751_NgHttp2Session.cpp,,False,1828,True,True,True,True,Code,File Path for Unit Test,13
function_2476,train-00000-of-00001,Display,tensorflow/tensorflow,tfprof_tensor,datasets/extracted/functions/function_2476_Display.cpp,,False,1878,True,True,True,True,Code,File Path for Unit Test,13
function_0392,test-00000-of-00001,Run,tensorflow/tensorflow,collectives_schedule_linearizer,datasets/extracted/functions/function_0392_Run.cpp,,False,1979,True,True,True,True,Code,File Path for Unit Test,13
function_2439,train-00000-of-00001,Tokenize,tensorflow/tensorflow,tokenize,datasets/extracted/functions/function_2439_Tokenize.cpp,,False,2007,True,True,True,True,Code,File Path for Unit Test,13
function_3389,train-00000-of-00001,RuntimeImplFromBuilder,google/cel-cpp,reference_resolver,datasets/extracted/functions/function_3389_RuntimeImplFromBuilder.cpp,,False,2046,True,True,True,True,Code,File Path for Unit Test,13
function_1820,train-00000-of-00001,GetInputBitwidths,tensorflow/tensorflow,xprof_gpu_cost_analysis,datasets/extracted/functions/function_1820_GetInputBitwidths.cpp,,False,2051,True,True,True,True,Code,File Path for Unit Test,13
function_1185,train-00000-of-00001,Decode,google/quiche,hpack_block_decoder,datasets/extracted/functions/function_1185_Decode.cpp,,False,2061,True,True,True,True,Code,File Path for Unit Test,13
function_1681,train-00000-of-00001,QuicSocketAddressCoder,google/quiche,quic_socket_address_coder,datasets/extracted/functions/function_1681_QuicSocketAddressCoder.cpp,,False,2097,True,True,True,True,Code,File Path for Unit Test,13
function_1963,train-00000-of-00001,EvaluateAffineExpr,tensorflow/tensorflow,affine_map_evaluator,datasets/extracted/functions/function_1963_EvaluateAffineExpr.cpp,,False,2188,True,True,True,True,Code,File Path for Unit Test,13
function_2461,train-00000-of-00001,FindInlineBlock,tensorflow/tensorflow,preprocessor,datasets/extracted/functions/function_2461_FindInlineBlock.cpp,,False,2231,True,True,True,True,Code,File Path for Unit Test,13
function_2905,train-00000-of-00001,QuicAlarm,google/quiche,quic_alarm,datasets/extracted/functions/function_2905_QuicAlarm.cpp,,False,2268,True,True,True,True,Code,File Path for Unit Test,13
function_3163,train-00000-of-00001,FusionKindToString,tensorflow/tensorflow,rename_fusions,datasets/extracted/functions/function_3163_FusionKindToString.cpp,,False,2400,True,True,True,True,Code,File Path for Unit Test,13
function_1903,train-00000-of-00001,PointwiseUnaryOpPrepare,tensorflow/tensorflow,sign_custom,datasets/extracted/functions/function_1903_PointwiseUnaryOpPrepare.cpp,,False,2432,True,True,True,True,Code,File Path for Unit Test,13
function_0181,eval-00000-of-00001,QpackEncoderStreamReceiver,google/quiche,qpack_encoder_stream_receiver,datasets/extracted/functions/function_0181_QpackEncoderStreamReceiver.cpp,,False,2484,True,True,True,True,Code,File Path for Unit Test,13
function_2346,train-00000-of-00001,GetConvnetDataFormatAttrString,tensorflow/tensorflow,tensor_format,datasets/extracted/functions/function_2346_GetConvnetDataFormatAttrString.cpp,,False,2519,True,True,True,True,Code,File Path for Unit Test,13
function_1391,train-00000-of-00001,GetNumSubtractionSubBoxes,google/tensorstore,box_difference,datasets/extracted/functions/function_1391_GetNumSubtractionSubBoxes.cpp,,False,2543,True,True,True,True,Code,File Path for Unit Test,13
function_3119,train-00000-of-00001,WritableFileRawStream,tensorflow/tensorflow,dump_graph,datasets/extracted/functions/function_3119_WritableFileRawStream.cpp,,False,2629,True,True,True,True,Code,File Path for Unit Test,13
function_0089,eval-00000-of-00001,operator,google/cel-cpp,cel_attribute,datasets/extracted/functions/function_0089_operator.cpp,,False,2666,True,True,True,True,Code,File Path for Unit Test,13
function_2715,train-00000-of-00001,if,google/quiche,moqt_subscribe_windows,datasets/extracted/functions/function_2715_if.cpp,,False,2670,True,True,True,True,Code,File Path for Unit Test,13
function_0067,eval-00000-of-00001,JsonEscape,tensorflow/tensorflow,trace_events_to_json,datasets/extracted/functions/function_0067_JsonEscape.cpp,,False,2722,True,True,True,True,Code,File Path for Unit Test,13
function_2790,train-00000-of-00001,FastBinarySearchT,google/arolla,binary_search,datasets/extracted/functions/function_2790_FastBinarySearchT.cpp,,False,2740,True,True,True,True,Code,File Path for Unit Test,13
function_0045,eval-00000-of-00001,JsonSame,google/tensorstore,same,datasets/extracted/functions/function_0045_JsonSame.cpp,,False,2854,True,True,True,True,Code,File Path for Unit Test,13
function_2729,train-00000-of-00001,Init,google/tensorstore,zlib,datasets/extracted/functions/function_2729_Init.cpp,,False,2854,True,True,True,True,Code,File Path for Unit Test,13
function_2866,train-00000-of-00001,IsUpcastConvert,tensorflow/tensorflow,convert_operand_folding,datasets/extracted/functions/function_2866_IsUpcastConvert.cpp,,False,2900,True,True,True,True,Code,File Path for Unit Test,13
function_1339,train-00000-of-00001,IsConstZeros,tensorflow/tensorflow,make_padding,datasets/extracted/functions/function_1339_IsConstZeros.cpp,,False,2962,True,True,True,True,Code,File Path for Unit Test,13
function_1718,train-00000-of-00001,Variant,tensorflow/tensorflow,variant,datasets/extracted/functions/function_1718_Variant.cpp,,False,682,True,True,False,True,Code,File Path for Unit Test,11
function_1968,train-00000-of-00001,ToTensorflowAlgorithm,tensorflow/tensorflow,rng_converter_utils,datasets/extracted/functions/function_1968_ToTensorflowAlgorithm.cpp,,False,890,True,True,False,True,Code,File Path for Unit Test,11
function_2425,train-00000-of-00001,operator_,abseil/abseil-cpp,log_severity,datasets/extracted/functions/function_2425_operator_.cpp,,False,1244,True,True,False,True,Code,File Path for Unit Test,11
function_2914,train-00000-of-00001,StringLikeSpan,google/tensorstore,string_like,datasets/extracted/functions/function_2914_StringLikeSpan.cpp,,False,1626,True,True,False,True,Code,File Path for Unit Test,11
function_0010,eval-00000-of-00001,CopyState,google/leveldb,status,datasets/extracted/functions/function_0010_CopyState.cpp,,False,1776,True,True,False,True,Code,File Path for Unit Test,11
function_2065,train-00000-of-00001,HloOpcodeString,tensorflow/tensorflow,hlo_opcode,datasets/extracted/functions/function_2065_HloOpcodeString.cpp,,False,1878,True,True,False,True,Code,File Path for Unit Test,11
function_3110,train-00000-of-00001,operator_,google/cel-cpp,memory,datasets/extracted/functions/function_3110_operator_.cpp,,False,1928,True,True,False,True,Code,File Path for Unit Test,11
function_0833,test-00000-of-00001,NcclBase,tensorflow/tensorflow,collective_nccl,datasets/extracted/functions/function_0833_NcclBase.cpp,,False,1995,True,True,False,True,Code,File Path for Unit Test,11
function_1298,train-00000-of-00001,to_string,google/tensorstore,open_mode,datasets/extracted/functions/function_1298_to_string.cpp,,False,2051,True,True,False,True,Code,File Path for Unit Test,11
function_0480,test-00000-of-00001,MaybeInferShape,tensorflow/tensorflow,result_caster,datasets/extracted/functions/function_0480_MaybeInferShape.cpp,,False,2280,True,True,False,True,Code,File Path for Unit Test,11
function_0737,test-00000-of-00001,PrefetchAutotuner,tensorflow/tensorflow,prefetch_autotuner,datasets/extracted/functions/function_0737_PrefetchAutotuner.cpp,,False,2454,True,True,False,True,Code,File Path for Unit Test,11
function_0656,test-00000-of-00001,TfTensorView,tensorflow/tensorflow,tf_tensor_view,datasets/extracted/functions/function_0656_TfTensorView.cpp,,False,2579,True,True,False,True,Code,File Path for Unit Test,11
function_1907,train-00000-of-00001,ParsedJsonValue,google/cel-cpp,parsed_json_value,datasets/extracted/functions/function_1907_ParsedJsonValue.cpp,,False,2660,True,True,False,True,Code,File Path for Unit Test,11
function_1222,train-00000-of-00001,convertToValidationFailureType,tensorflow/tensorflow,gpu_delegate_compatibility_checker,datasets/extracted/functions/function_1222_convertToValidationFailureType.cpp,,False,2738,True,True,False,True,Code,File Path for Unit Test,11
function_0131,eval-00000-of-00001,IsWellKnownMessageType,google/cel-cpp,message_type,datasets/extracted/functions/function_0131_IsWellKnownMessageType.cpp,,False,2835,True,True,False,True,Code,File Path for Unit Test,11
function_2406,train-00000-of-00001,CreateDcnMessageFromStats,tensorflow/tensorflow,dcn_utils,datasets/extracted/functions/function_2406_CreateDcnMessageFromStats.cpp,,False,2907,True,True,False,True,Code,File Path for Unit Test,11
function_1255,train-00000-of-00001,Prepare,tensorflow/tensorflow,table,datasets/extracted/functions/function_1255_Prepare.cpp,,False,2992,True,True,False,True,Code,File Path for Unit Test,11
function_0640,test-00000-of-00001,GetCurrentHloPassMetadata,tensorflow/tensorflow,hlo_module_metadata,datasets/extracted/functions/function_0640_GetCurrentHloPassMetadata.cpp,,False,3035,True,True,True,True,Code,File Path for Unit Test,11
function_2264,train-00000-of-00001,RandomStandardNormalSample,tensorflow/tensorflow,random_standard_normal_custom,datasets/extracted/functions/function_2264_RandomStandardNormalSample.cpp,,False,3062,True,True,True,True,Code,File Path for Unit Test,11
function_0141,eval-00000-of-00001,switch,tensorflow/tensorflow,gpu_float_support,datasets/extracted/functions/function_0141_switch.cpp,,False,3096,True,True,True,True,Code,File Path for Unit Test,11
function_2390,train-00000-of-00001,IsInOrderArch,tensorflow/tensorflow,big_little_affinity,datasets/extracted/functions/function_2390_IsInOrderArch.cpp,,False,3145,True,True,True,True,Code,File Path for Unit Test,11
function_1053,train-00000-of-00001,Run,tensorflow/tensorflow,dynamic_index_splitter,datasets/extracted/functions/function_1053_Run.cpp,,False,3199,True,True,True,True,Code,File Path for Unit Test,11
function_2955,train-00000-of-00001,IsAllowedS4U4CustomCall,tensorflow/tensorflow,cpu_gpu_shape_verifier,datasets/extracted/functions/function_2955_IsAllowedS4U4CustomCall.cpp,,False,3277,True,True,True,True,Code,File Path for Unit Test,11
function_2678,train-00000-of-00001,ConsumeUnboundConversionNoInline,abseil/abseil-cpp,parser,datasets/extracted/functions/function_2678_ConsumeUnboundConversionNoInline.cpp,,False,3283,True,True,True,True,Code,File Path for Unit Test,11
function_0476,test-00000-of-00001,ROTL,tensorflow/tensorflow,random_index_shuffle,datasets/extracted/functions/function_0476_ROTL.cpp,,False,3352,True,True,True,True,Code,File Path for Unit Test,11
function_2446,train-00000-of-00001,CalculateBase64EscapedLenInternal,abseil/abseil-cpp,escaping,datasets/extracted/functions/function_2446_CalculateBase64EscapedLenInternal.cpp,,False,3366,True,True,True,True,Code,File Path for Unit Test,11
function_2825,train-00000-of-00001,operator_,google/arolla,expr_node,datasets/extracted/functions/function_2825_operator_.cpp,,False,3377,True,True,True,True,Code,File Path for Unit Test,11
function_1536,train-00000-of-00001,SplitNameAndMetadata,tensorflow/tensorflow,parse_annotation,datasets/extracted/functions/function_1536_SplitNameAndMetadata.cpp,,False,3390,True,True,True,True,Code,File Path for Unit Test,11
