id,function_name,function_file,bva_applicable,min_boundary,max_boundary,below_min,above_max,bva_expected_values,ecp_applicable,valid_classes,invalid_classes,ecp_expected_values,notes
function_0347,Hash,datasets/extracted/functions/function_0347_Hash.cpp,yes,0,4,NA,5,"0,1,2,3,4,5",yes,empty input n=0; remainder input n=1-3; exact block input n=4; multi-block input n>4,data=nullptr with n>0,"0,1,2,3,4,5","BVA based on input length n. n=4 enters while loop. n=1,2,3 cover switch cases."
function_1887,BuildMessage,datasets/extracted/functions/function_1887_BuildMessage.cpp,yes,TF_INFO,TF_FATAL,TF_INFO - 1,TF_FATAL + 1,"TF_INFO-1,TF_INFO,TF_WARNING,TF_ERROR,TF_FATAL,TF_FATAL+1",yes,valid log levels TF_INFO to TF_FATAL,level below TF_INFO; level above TF_FATAL,"TF_INFO-1,TF_INFO,TF_WARNING,TF_ERROR,TF_FATAL,TF_FATAL+1",BVA is based on TF_Log level range check. Values below TF_INFO and above TF_FATAL return early. Valid values enter switch cases.
function_1342,CASE_4,datasets/extracted/functions/function_1342_CASE_4.cpp,yes,0,31 (for switch_index_32) / 63 (for switch_index_64),-1,32 (for switch_index_32) / 64 (for switch_index_64),"-1,0,1,30,31,32 (for switch_index_32); -1,0,1,62,63,64 (for switch_index_64)",yes,valid range 0-31 for switch_index_32; valid range 0-63 for switch_index_64,n < 0; n >= 32 for switch_index_32; n >= 64 for switch_index_64,"-1,0,1,30,31,32; -1,0,1,62,63,64","BVA is based on assert(0 <= n && n < 32) and assert(0 <= n && n < 64). ECP consists of below-range, valid-range, and above-range partitions."
function_0704,FNMatch,datasets/extracted/functions/function_0704_FNMatch.cpp,yes,empty pattern / empty str,non-empty pattern / non-empty str,NA,NA,"pattern="""", str=""""; pattern=""*"", str=""""; pattern="""", str=""abc""; pattern=""abc"", str=""""",yes,exact match; wildcard * match; wildcard ? match; mixed wildcard and fixed text; empty pattern with empty string,empty pattern with non-empty string; non-empty pattern with empty string except all *; fixed text mismatch; wildcard fixed portion not found,"(""abc"",""abc""), ("""",""abc""), (""a?c"",""abc""), (""ac"",""abbbc""), ("""",""""), ("""",""abc""), (""abc"",""""), (""abc"",""abd""), (""a*z"",""abc"")","BVA is based on empty vs non-empty pattern and str because the function first checks pattern.empty() and str.empty(). ECP is based on pattern categories: exact text, *, ?, mixed wildcard, empty inputs, and mismatch cases."
function_1041,IsValidMetricName,datasets/extracted/functions/function_1041_IsValidMetricName.cpp,yes,0 / 1 / 2 / 63,64,NA,65,"name length 0,1,2; segment length 1,63,64",yes,valid metric name starting with / and alphabetic second character; valid label starting with alphabetic character; valid units enum,metric name length <2; metric name not starting with /; metric name ending with /; second character not alphabetic; empty segment //; segment length >63; invalid character; empty label; label starts non-alpha; label contains invalid character,""""", ""/"", ""abc"", ""/1abc"", ""/abc/"", ""/abc//def"", ""/abcdefghijklmnopqrstuvwxyzabcdefghijklmnopqrstuvwxyzabcdefghijkl"", ""/abc$"", ""/abc_def1"", label """", label ""1abc"", label ""abc_1"", label ""abc$""","BVA is mainly based on metric name size check name.size() < 2 and segment length check i - last_slash > 63. ECP is based on valid/invalid metric-name structure, valid/invalid label structure, and units enum switch cases."
function_0060,BrainPadding2EigenPadding,datasets/extracted/functions/function_0060_BrainPadding2EigenPadding.cpp,yes,0,in_size,NA,in_size + 1,index*stride = 0; index*stride = pad_size - 1; index*stride = pad_size; index*stride = in_size; index*stride = in_size + 1,yes,valid padding enum VALID/SAME; valid broadcast where index*stride <= in_size; bindex below pad_size; bindex greater/equal pad_size; bindex + ksize > in_size; suffix with only allowed characters,padding enum EXPLICIT; index*stride > in_size; suffix containing invalid characters,"Padding::VALID; Padding::SAME; Padding::EXPLICIT; index=0,stride=1; index*stride=pad_size-1; index*stride=pad_size; index*stride=in_size; index*stride=in_size+1; suffix=""abc_123-XYZ""; suffix=""abc$%x""","BVA is mainly based on GetBroadcastSize(): invalid when index * stride > in_size, padding adjustment when *bindex < pad_size, and clipping when *bindex + ksize > in_size. ECP also includes BrainPadding2EigenPadding() enum partitions and SanitizeThreadSuffix() valid/invalid character partitions."
function_2701,ScopedActivateContext,datasets/extracted/functions/function_2701_ScopedActivateContext.cpp,yes,depth = 0,depth > 0,NA,NA,depth=0; depth=1; nested depth=2; destructor depth returns to 1/0,yes,first activation when depth is 0; nested activation with same device ordinal; nested activation with different device ordinal; destructor with no restore context; destructor with restore context,null gpu_executor; null executor; null gpu_context; destructor called with invalid depth state,depth=0 same context; depth=1 same device; depth=1 different device; to_restore_=nullptr; to_restore_=previous context,"BVA is based on thread-local depth: first entry occurs at depth 0, nested entry occurs when depth > 0, and destructor decrements depth. ECP is based on whether the new context is the first context, same-device nested context, or different-device nested context requiring restore."
function_0751,NgHttp2Session,datasets/extracted/functions/function_0751_NgHttp2Session.cpp,yes,bytes.size() = 0 / num_bytes = 0,session window / available stream data,NA,num_bytes greater than available stream data,bytes.size()=0; bytes.size()=1; bytes.size()>1; num_bytes=0; num_bytes=1; num_bytes greater than available data,yes,client perspective; server perspective; empty input bytes; non-empty input bytes; consume zero bytes; consume valid positive bytes; want_read true/false; want_write true/false,invalid/uninitialized session; consume more bytes than available; invalid stream_id,"Perspective::kClient; Perspective::kServer; bytes=""""; bytes=""abc""; num_bytes=0; num_bytes=1; pending_reads=false/true; pending_writes=false/true; invalid stream_id","BVA is mainly based on input size for ProcessBytes() and Consume(): empty vs non-empty byte input and zero vs positive consumed bytes. ECP is based on session perspective, pending read/write states, byte-processing cases, and stream-consumption cases."
function_2476,Display,datasets/extracted/functions/function_2476_Display.cpp,yes,formatted_str_.length() = kTFProfTenosrMaxDisplayLen - 1,formatted_str_.length() = kTFProfTenosrMaxDisplayLen,formatted_str_.length() = kTFProfTenosrMaxDisplayLen - 2,formatted_str_.length() = kTFProfTenosrMaxDisplayLen + 1,length=kTFProfTenosrMaxDisplayLen-2; length=kTFProfTenosrMaxDisplayLen-1; length=kTFProfTenosrMaxDisplayLen; length=kTFProfTenosrMaxDisplayLen+1,yes,formatted_str pointer not null; tfprof_tensor_pb pointer not null; supported dtype DT_FLOAT/DT_DOUBLE/DT_INT32/DT_INT64/DT_STRING,formatted_str pointer null; tfprof_tensor_pb pointer null; unsupported dtype,formatted_str=nullptr; formatted_str=valid pointer; tfprof_tensor_pb=nullptr; tfprof_tensor_pb=valid pointer; dtype=DT_FLOAT; dtype=DT_DOUBLE; dtype=DT_INT32; dtype=DT_INT64; dtype=DT_STRING; dtype=unsupported,"BVA is based on Display(): when formatted_str_.length() >= kTFProfTenosrMaxDisplayLen, the output is truncated with omitted text; otherwise the full string is copied. ECP is based on null/non-null output pointers in Display() and supported/unsupported tensor dtype partitions in Build()."
function_0392,Run,datasets/extracted/functions/function_0392_Run.cpp,yes,0 collective instructions,1 collective instruction,NA,2 collective instructions,0 collectives; 1 collective; 2 collectives connected; 2 collectives not connected,yes,pass disabled by is_enabled_; computation with no collective instructions; computation with one collective instruction; multiple collectives already connected; multiple collectives not connected requiring control dependency; async/start collective with done instruction,null module; start collective with user_count != 1,is_enabled returns false; no collective; one collective; two connected collectives; two unconnected collectives; opcode=kAllReduceStart/kAllGatherStart/kCollectivePermuteStart/kAsyncStart; invalid start user count,"BVA is based on the number of collective instructions processed: zero means no change, one initializes prev_done, and two or more may require adding a control dependency. ECP is based on enabled/disabled pass behavior, collective vs non-collective instructions, connected vs unconnected collectives, and start/done opcode handling."
function_2439,Tokenize,datasets/extracted/functions/function_2439_Tokenize.cpp,yes,input length = 0,input length = 1,NA,input length > 1,empty input; one delimiter; one normal character; one quote; multiple characters; unterminated token at EOF; unterminated quoted token at EOF,yes,"empty input; whitespace-only input; delimiter token {, }, :; unquoted token; quoted token; mixed delimiters and tokens; token followed by EOF; quoted token followed by EOF",null input pointer; null processor pointer; unterminated quoted token,"""""; "" ""; ""{""; ""}""; "":""; ""abc""; ""\""abc\""""; ""abc:def""; ""{abc}""; ""abc"" at EOF; ""\""abc"" at EOF","BVA is based on stream length and final state handling. Empty input produces no token, one-character inputs cover delimiter/quote/normal-character behavior, and EOF while state is not idle triggers issue_token(). ECP is based on tokenizer states: idle, building normal token, building quoted token, delimiters, whitespace, and EOF behavior."
function_3389,RuntimeImplFromBuilder,datasets/extracted/functions/function_3389_RuntimeImplFromBuilder.cpp,no,NA,NA,NA,NA,NA,yes,default RuntimeImpl builder; ReferenceResolverEnabled::kCheckedExpressionOnly; ReferenceResolverEnabled::kAlways,non-default runtime implementation; unsupported ReferenceResolverEnabled enumerator,builder with RuntimeImpl; builder with non-RuntimeImpl; enabled=kCheckedExpressionOnly; enabled=kAlways; enabled=unsupported enum value,"No numeric or size boundary is present, so BVA is not applicable. ECP is based on runtime implementation type and ReferenceResolverEnabled enum partitions."
function_1820,GetInputBitwidths,datasets/extracted/functions/function_1820_GetInputBitwidths.cpp,yes,input_bitwidths.size() = 0,input_bitwidths.size() > 0,NA,NA,hlo=nullptr; input_bitwidths empty; input_bitwidths contains 4; input_bitwidths contains 8; input_bitwidths contains other bitwidth such as 16/32,yes,null HLO instruction; HLO with no valid numeric operands; HLO with max input bitwidth 4; HLO with max input bitwidth 8; HLO with other bitwidth; model_flops is zero; model_flops is non-zero,"operands with invalid/ignored element types: PRIMITIVE_TYPE_INVALID, TUPLE, OPAQUE_TYPE, TOKEN",hlo=nullptr; operand type=TOKEN; operand bitwidth=4; operand bitwidth=8; operand bitwidth=16/32; model_flops=0; model_flops>0,"BVA is based on null vs non-null hlo and empty vs non-empty input_bitwidths. ECP is based on operand element-type classes: ignored types, 4-bit, 8-bit, other bitwidths, and whether model_flops is zero or non-zero."
function_1185,Decode,datasets/extracted/functions/function_1185_Decode.cpp,yes,db->Remaining() = 0,db->Remaining() > 0,NA,NA,Remaining=0; Remaining=1; Remaining>1; before_entry_=true; before_entry_=false,yes,fresh decode between entries; resume decode inside an entry; entry decode done; entry decode in progress; multiple entries in buffer; empty buffer,entry decode error during Resume; entry decode error during Start; null DecodeBuffer pointer; null listener,before_entry_=true with empty buffer; before_entry_=true with one complete entry; before_entry_=true with partial entry; before_entry_=false resume returns done; before_entry_=false resume returns in-progress; Resume returns error; Start returns error,"BVA is based on db->Remaining() and decoder state before_entry_. ECP is based on whether decoding starts between entries or resumes inside an entry, and whether Start()/Resume() returns done, in-progress, or error."
function_1681,QuicSocketAddressCoder,datasets/extracted/functions/function_1681_QuicSocketAddressCoder.cpp,yes,length = 0,minimum valid encoded length,length < sizeof(address_family),length greater than valid encoded length,length=0; length=1; length=sizeof(address_family); IPv4 valid length; IPv4 valid length-1; IPv4 valid length+1; IPv6 valid length; IPv6 valid length-1; IPv6 valid length+1,yes,encode IPv4 address; encode IPv6 address; decode valid IPv4 serialized address; decode valid IPv6 serialized address,unsupported address family in Encode; Decode length smaller than address family field; unsupported decoded address family; length smaller than required IP length; length not equal to port size after IP bytes,IP_V4; IP_V6; unknown IP family; data length 0/1; address_family=kIPv4 with full IPv4+port; address_family=kIPv6 with full IPv6+port; address_family=unknown; missing IP bytes; missing port bytes; extra trailing bytes,"BVA is based on Decode() length checks: first length < sizeof(address_family), then length < ip_length, then length != sizeof(port). ECP is based on IPv4, IPv6, unsupported family, too-short data, missing IP bytes, missing/extra port bytes."
function_1963,EvaluateAffineExpr,datasets/extracted/functions/function_1963_EvaluateAffineExpr.cpp,yes,rhs = 0,rhs != 0,NA,NA,rhs=0; rhs=1; lhs=0; lhs=1; lhs=-1; dim_values.size() = affine_map.getNumDims(); symbol_values.size() = affine_map.getNumSymbols(),yes,constant expression; dimension expression; symbol expression; add expression; multiply expression; floor division expression with non-zero rhs; modulo expression with non-zero rhs; affine map with matching dim/symbol sizes,floor division with rhs=0; modulo with rhs=0; unsupported expression kind; dim_values size mismatch; symbol_values size mismatch,Constant; DimId; SymbolId; Add; Mul; FloorDiv with rhs=1; Mod with rhs=1; FloorDiv with rhs=0; Mod with rhs=0; invalid dim_values size; invalid symbol_values size,"BVA is mainly based on binary operations where rhs is a divisor/modulus and on affine map size checks. ECP is based on expression kinds: constant, dimension, symbol, binary operations, unsupported kind, and valid/invalid affine map input sizes."
function_2461,FindInlineBlock,datasets/extracted/functions/function_2461_FindInlineBlock.cpp,yes,inline_block.size() = 0,inline_block.size() = 1,NA,inline_block.size() > 1,no delimiter found; one delimiter only; two delimiters with empty block; two delimiters with non-empty block,yes,input without inline block; valid inline block recognized by rewrite; valid inline block not recognized but keep_unknown_rewrites_ is true; multiple inline blocks,start delimiter without end delimiter; inline block rewrite returns ERROR; unknown inline block with keep_unknown_rewrites_ false; null output pointer,"input=""plain text""; input=""$abc$"" with SUCCESS; input=""$abc$"" with NOT_RECOGNIZED and keep_unknown=true; input=""$abc$ $def$""; input=""$"" only; input=""$abc"" missing end delimiter; input=""$abc$"" with ERROR; input=""$abc$"" with NOT_RECOGNIZED and keep_unknown=false","BVA is based on FindInlineBlock() result size: empty block means no delimiter found, size 1 means start delimiter found without closing delimiter, and size greater than 1 means a complete inline block exists. ECP is based on recognized rewrite, unrecognized rewrite with keep/drop behavior, rewrite error, and multiple inline blocks."
function_2905,QuicAlarm,datasets/extracted/functions/function_2905_QuicAlarm.cpp,yes,deadline initialized / not initialized,difference = granularity,difference < granularity,difference > granularity,new_deadline uninitialized; new_deadline initialized; abs(new_deadline-deadline) < granularity; abs(new_deadline-deadline) = granularity; abs(new_deadline-deadline) > granularity,yes,Set on active alarm with initialized deadline; Cancel non-permanent; Cancel permanent; Update with uninitialized deadline; Update with small deadline change below granularity; Update existing alarm; Update unset alarm; Fire when alarm is set,Set after permanently cancelled; Update after permanently cancelled; Fire when alarm is not set,IsPermanentlyCancelled=true; IsPermanentlyCancelled=false; IsSet=true; IsSet=false; new_deadline initialized; new_deadline uninitialized; permanent=true; permanent=false; deadline difference below granularity; deadline difference equal/above granularity,"BVA is based on Update(): uninitialized deadline cancels the alarm, deadline difference below granularity returns without update, and difference equal/above granularity updates or sets the alarm. ECP is based on alarm state: set/unset, permanently cancelled/not cancelled, initialized/uninitialized deadline, and fire/cancel/update paths."
function_3163,FusionKindToString,datasets/extracted/functions/function_3163_FusionKindToString.cpp,yes,number of fusion instructions = 0,number of fusion instructions = 1,NA,number of fusion instructions > 1,0 fusion instructions; 1 non-custom fusion instruction; multiple non-custom fusion instructions; custom fusion instruction,yes,module with no fusion instructions; module with non-custom loop fusion; module with input fusion; module with output fusion; module with multiple fusion instructions; fusion with one hero; fusion with multiple heroes,custom fusion skipped; non-fusion instruction skipped; null module; fusion with unexpected/unsupported fusion kind,opcode != kFusion; opcode = kFusion with kind kCustom; kind kLoop; kind kInput; kind kOutput; one hero opcode; multiple hero opcodes,"BVA is based on the number of fusion instructions processed by Run(): zero means no rename occurs, one means one rename, and multiple means repeated rename operations. ECP is based on instruction opcode and fusion kind: non-fusion and custom fusion are skipped, while loop/input/output fusions are renamed using hero names."
function_1903,PointwiseUnaryOpPrepare,datasets/extracted/functions/function_1903_PointwiseUnaryOpPrepare.cpp,yes,x = 0,x > 0,x < 0,NA,x=-1; x=0; x=1; num_elements=0; num_elements=1; num_elements>1,yes,input/output type Float32; input/output type Float64; positive input value; negative input value; zero input value; one input tensor; matching input/output tensor types,unsupported output datatype; mismatched input/output tensor types; wrong number of inputs; null context/node/input/output,output->type=kTfLiteFloat32; output->type=kTfLiteFloat64; output->type=unsupported; input->type != output->type; NumInputs(node)=0; NumInputs(node)=1; NumInputs(node)>1; x=-1; x=0; x=1,"BVA is based on Sign::Eval() threshold checks x > 0 and x < 0, where zero is the boundary between positive and negative outputs. Additional loop boundaries are num_elements=0, 1, and greater than 1. ECP is based on supported datatype partitions, tensor type validation, number of inputs, and sign value classes."
function_0181,QpackEncoderStreamReceiver,datasets/extracted/functions/function_0181_QpackEncoderStreamReceiver.cpp,yes,data.empty() = true,data.empty() = false,NA,NA,"data=""""; data length=1; data length>1; error_detected_=false; error_detected_=true",yes,empty data ignored; non-empty data decoded when no error detected; InsertWithNameReference instruction; InsertWithoutNameReference instruction; Duplicate instruction; SetDynamicTableCapacity instruction,decode called after error_detected_=true; instruction decoding error INTEGER_TOO_LARGE; STRING_LITERAL_TOO_LONG; HUFFMAN_ENCODING_ERROR; unknown/default error code; null delegate,"data=""""; data=""valid instruction bytes""; error_detected_=true; instruction=InsertWithNameReference; instruction=InsertWithoutNameReference; instruction=Duplicate; instruction=SetDynamicTableCapacity; error_code=INTEGER_TOO_LARGE; error_code=STRING_LITERAL_TOO_LONG; error_code=HUFFMAN_ENCODING_ERROR; error_code=unknown","BVA is based on Decode(): empty data returns immediately, non-empty data is decoded only when error_detected_ is false. ECP is based on instruction type dispatch and decoder error-code mapping to QUIC error codes."
function_2346,GetConvnetDataFormatAttrString,datasets/extracted/functions/function_2346_GetConvnetDataFormatAttrString.cpp,no,NA,NA,NA,NA,NA,yes,"valid TensorFormat enum values; valid FilterTensorFormat enum values; valid format strings NHWC/NDHWC; valid format strings NCHW/NCDHW; valid vector formats; valid filter formats HWIO/DHWIO, OIHW/OIDHW, OIHW_VECT_I",invalid TensorFormat enum; invalid FilterTensorFormat enum; unknown format string; empty format string,"FORMAT_NHWC; FORMAT_NCHW; FORMAT_NCHW_VECT_C; FORMAT_NHWC_VECT_W; FORMAT_HWNC; FORMAT_HWCN; FORMAT_HWIO; FORMAT_OIHW; FORMAT_OHWI; FORMAT_OIHW_VECT_I; format_str=""NHWC""; format_str=""NDHWC""; format_str=""NCHW""; format_str=""NCDHW""; format_str=""INVALID""; format_str=""""","No numeric boundary checks exist, so BVA is not applicable. ECP is based on enum-to-string mappings and string-to-enum mappings. Test all valid TensorFormat and FilterTensorFormat values, aliases (NHWC/NDHWC, NCHW/NCDHW, HWIO/DHWIO, OIHW/OIDHW), and invalid/empty strings that should return false or trigger the default path."
function_1391,GetNumSubtractionSubBoxes,datasets/extracted/functions/function_1391_GetNumSubtractionSubBoxes.cpp,yes,rank = 0 / sub_box_index = 0,sub_box_index = num_sub_boxes_ - 1,sub_box_index = -1,sub_box_index = num_sub_boxes_,rank=0; rank=1; sub_box_index=-1; sub_box_index=0; sub_box_index=num_sub_boxes_-1; sub_box_index=num_sub_boxes_; outer min = inner min; outer min < inner min; outer max = inner max; outer max > inner max,yes,outer and inner do not intersect; inner equals outer; inner strictly inside outer; inner overlaps only before side; inner overlaps only after side; valid sub_box_index range,outer.rank() != inner.rank(); out.rank() != outer.rank(); sub_box_index < 0; sub_box_index >= num_sub_boxes_,non-intersecting boxes; identical outer/inner boxes; inner inside outer with before and after parts; has_before=true; has_after=true; has_before=false; has_after=false; sub_box_index=0; sub_box_index=num_sub_boxes_-1,"BVA is based on rank, interval comparisons, and valid sub-box index range. GetNumSubtractionSubBoxes() changes behavior when the intersection is empty, when outer min is less than inner min, and when outer max is greater than inner max. GetSubBox() asserts 0 <= sub_box_index < num_sub_boxes_."
function_3119,WritableFileRawStream,datasets/extracted/functions/function_3119_WritableFileRawStream.cpp,yes,size = 0,size > 0,NA,NA,write size=0; write size=1; write size>1; file=nullptr; file valid,yes,valid writable file; null writable file; file append succeeds; file append fails; flib_def pointer null; flib_def pointer non-null; dialect kTFG; MLIR verification succeeds,file append failure; MLIR graph import failure; MLIR verification failure; unsupported dialect value,file=nullptr; file valid with Append OK; file valid with Append error; flib_def=nullptr; flib_def valid; dialect=kTFG; verify success; verify failure; unsupported dialect,"BVA is based on WritableFileRawStream::write_impl() input size and file pointer state. ECP is based on file write success/failure, null/non-null function library definition, graph import, MLIR verification result, and dialect selection."
function_0089,operator,datasets/extracted/functions/function_0089_operator.cpp,yes,path_spec.size() = 0,path_spec.size() > 0,NA,NA,"path_spec.size()=0; path_spec.size()=1; path_spec.size()>1; string qualifier=""""; string qualifier!=""""",yes,"CelValue Int64; CelValue Uint64; CelValue String; CelValue Bool; wildcard string qualifier ""*""; normal string qualifier; existing CelAttributeQualifierPattern; empty path_spec; non-empty path_spec",unsupported CelValue type; empty variable name,"value type=kInt64; value type=kUint64; value type=kString; value type=kBool; unsupported value type; qualifier string ""*""; qualifier string ""field""; int64 qualifier; uint64 qualifier; bool qualifier; existing qualifier pattern; path_spec empty; path_spec with multiple elements","BVA is based on path_spec.size() in CreateCelAttributePattern() and wildcard string handling in QualifierVisitor. ECP is based on CelValue type dispatch and qualifier variant types: string, wildcard string, int64, uint64, bool, and existing qualifier pattern."
function_2715,if,datasets/extracted/functions/function_2715_if.cpp,yes,seq = start_,seq = end_,seq < start_,seq > end_,seq=start_-1; seq=start_; seq=end_; seq=end_+1; end_=nullopt; start inside window; start outside window,yes,sequence inside bounded subscribe window; sequence inside unbounded subscribe window; update start/end within current window; forwarding preference kTrack; forwarding preference kSubgroup; forwarding preference kDatagram; stream exists in map,sequence before start_; sequence after end_; update start outside current window; update expands existing bounded end_; add stream with kDatagram preference; duplicate stream add; remove stream with mismatched stream_id; stream not found,seq<start_; seq=start_; seq=end_; seq>end_; end_=nullopt; UpdateStartEnd valid; UpdateStartEnd start outside window; UpdateStartEnd expands end; preference=kTrack; preference=kSubgroup; preference=kDatagram; existing stream; missing stream,"BVA is based on SubscribeWindow::InWindow() boundaries: a sequence below start_ is rejected, seq == start_ is accepted, seq == end_ is accepted when end exists, and seq > end_ is rejected. ECP is based on bounded/unbounded windows, valid/invalid window updates, forwarding preference reduction behavior, and send-stream map add/get/remove cases."
function_0067,JsonEscape,datasets/extracted/functions/function_0067_JsonEscape.cpp,yes,raw.length() = 0,raw.length() > 0,NA,NA,"raw=""""; raw length=1; raw length>1; control char c=0x1F; printable char c=0x20; UTF-8 sequence at i+2 < length; UTF-8 sequence truncated",yes,"empty string; normal printable string; control characters; JSON quote character; backslash character; HTML-sensitive characters <, >, &; UTF-8 line separator U+2028; UTF-8 paragraph separator U+2029; trace name starting with ""@@""","malformed/truncated UTF-8 special sequence; trace name not starting with ""@@""; empty name table","""""; ""abc""; ""\n""; ""\t""; ""\""""; ""\\""; ""<>&""; ""\xe2\x80\xa8""; ""\xe2\x80\xa9""; ""\xe2\x80""; name ""@@frame""; name ""frame""; empty name_table","BVA is based on JsonEscape() string length and character threshold c < 0x20, especially the boundary between control characters and printable characters. ECP is based on escaping categories: control characters, quote, backslash, HTML-sensitive characters, UTF-8 U+2028/U+2029 sequences, normal characters, and stack-frame names that start with ""@@""."
function_2790,FastBinarySearchT,datasets/extracted/functions/function_2790_FastBinarySearchT.cpp,yes,array.size() = 1,value at array boundary,value < first element,value > last element,array size=0; array size=1; array size=2; value < first element; value = first element; value = middle element; value = last element; value > last element; value = NaN,yes,non-empty sorted float array; non-empty sorted double array; non-empty sorted int32 array; non-empty sorted int64 array; lower_bound search; upper_bound search; value below range; value inside range; value above range; duplicate values; NaN value for float/double upper_bound,empty array; unsorted array; null array data; NaN value for float/double lower_bound behavior,"array=[]; array=[10]; array=[10,20]; array=[10,20,30]; value=5; value=10; value=20; value=30; value=40; array=[10,20,20,30]; value=20; value=NaN","BVA is based on binary-search boundary positions: empty array assertion, first element, middle element, last element, below-first, and above-last. ECP is based on data type overloads, lower/upper bound behavior, duplicate elements, sorted/unsorted arrays, and NaN handling for floating-point upper bound."
function_0045,JsonSame,datasets/extracted/functions/function_0045_JsonSame.cpp,yes,array/object size = 0,array/object size > 0,NA,NA,empty array; one-element array; multi-element array; empty object; one-field object; multi-field object; stack size near 64 nested levels,yes,same null values; same primitive values; same arrays with same size and values; same objects with same keys and values; empty arrays; empty objects; nested arrays/objects,different JSON types; arrays with different sizes; arrays with different values; objects with different sizes; objects with different keys; objects with same keys but different values; discarded values mismatch,"null vs null; 1 vs 1; 1 vs 2; [] vs []; [1] vs [1]; [1] vs [2]; [1] vs [1,2]; {} vs {}; {""a"":1} vs {""a"":1}; {""a"":1} vs {""b"":1}; {""a"":1} vs {""a"":2}; nested equal JSON; nested unequal JSON","BVA is based on array/object size checks: empty containers return true immediately, while non-empty containers are deferred onto the stack for iterative comparison. ECP is based on JSON type classes: null/discarded, primitive values, arrays, objects, nested structures, size mismatch, key mismatch, and value mismatch."
function_2729,Init,datasets/extracted/functions/function_2729_Init.cpp,yes,input size = 0 / level = minimum zlib level,input size > 0 / level = maximum zlib level,level below valid compression level,level above valid compression level,empty input; one-byte input; large input; level=-1; level=0; level=1; level=9; level=10; use_gzip_header=false; use_gzip_header=true,yes,encode with zlib header; encode with gzip header; decode valid zlib-compressed data; decode valid gzip-compressed data; empty input; non-empty input; compression level 0; compression level 9,decode invalid compressed data; decode truncated compressed data; decode zlib data using gzip option mismatch; decode gzip data using zlib option mismatch; invalid compression level,input empty; input non-empty; options.level=0; options.level=1; options.level=9; options.level=-1; options.level=10; use_gzip_header=false; use_gzip_header=true; invalid compressed bytes; truncated compressed bytes,"BVA is based on input size, gzip-header option, and compression level boundaries. ECP is based on encode/decode operation type, zlib vs gzip header mode, valid vs invalid compressed data, truncated input, and compression-level partitions."
function_2866,IsUpcastConvert,datasets/extracted/functions/function_2866_IsUpcastConvert.cpp,yes,operand_count = 0,operand_count > 0,NA,NA,operand_count=0; operand_count=1; operand_count>1; reduce elements equal; reduce elements not equal,yes,instruction opcode kDot; instruction opcode kConvolution; operand is upcast convert; operand is upcast convert through reshape/slice/transpose/gather/dynamic slice; reduce with same element count; broadcast/dynamic slice/gather/reshape/slice/transpose effective operand; reduce effective operand; convert effective operand,instruction opcode other than kDot/kConvolution; operand is not upcast convert; non-array shape; reduce with different element count; unsupported opcode in EffectiveOperand,opcode=kDot; opcode=kConvolution; opcode=kAdd; operand opcode=kConvert preserving values; operand opcode=kConvert not preserving values; operand opcode=kReshape wrapping convert; operand opcode=kReduce with same element count; operand opcode=kReduce with different element count; operand shape non-array; unsupported operand opcode,"BVA is based on operand traversal and reduce element-count comparison. ECP is based on whether the instruction is dot/convolution, whether any operand is an upcast-preserving convert possibly wrapped by layout-changing operations, and whether EffectiveOperand() can replace the operand safely."
function_1339,IsConstZeros,datasets/extracted/functions/function_1339_IsConstZeros.cpp,yes,inputs.size() = 2,zero tensor value = 0,inputs.size() < 2,inputs.size() > 2 / zero tensor value != 0,inputs.size()=1; inputs.size()=2; inputs.size()=3; const tensor data all 0; const tensor data contains non-zero; axis=HEIGHT; axis=WIDTH; axis=CHANNELS; unsupported axis,yes,CONCAT node with exactly two inputs; first input is constant zero tensor; second input is constant zero tensor; supported axis HEIGHT; supported axis WIDTH; supported axis CHANNELS; RemovePrecedingNode succeeds,node type not CONCAT; CONCAT with input count not equal to 2; producer is null; producer is not constant; constant tensor contains non-zero value; unsupported concat axis; RemovePrecedingNode fails,operation=CONCAT; operation not CONCAT; inputs.size()=1; inputs.size()=2; inputs.size()=3; first input zero const; second input zero const; non-zero const; axis=HEIGHT; axis=WIDTH; axis=CHANNELS; unsupported axis; remove node success; remove node failure,"BVA is based on the exact two-input requirement and zero-tensor detection. ECP is based on transformation eligibility: CONCAT operation, exactly two inputs, one input produced by an all-zero CONSTANT node, supported concat axis, and successful removal of the preceding constant node."
function_1718,Variant,datasets/extracted/functions/function_1718_Variant.cpp,no,NA,NA,NA,NA,NA,yes,both variants invalid; both variants int with same value; both variants size_t with same value; both variants string with same pointer; both variants string with same content; both variants bool with same value,different variant types; int values differ; size_t values differ; string values differ; bool values differ; null string pointer compared using strcmp,type=kInvalid; type=kInt same/different; type=kSizeT same/different; type=kString same pointer; type=kString same content; type=kString different content; type=kBool true/false; different type comparison,"No numeric boundary or range check is present, so BVA is not applicable. ECP is based on variant type dispatch and equality behavior for invalid, int, size_t, string, and bool values."
function_1968,ToTensorflowAlgorithm,datasets/extracted/functions/function_1968_ToTensorflowAlgorithm.cpp,no,NA,NA,NA,NA,NA,yes,RandomAlgorithm::RNG_PHILOX; RandomAlgorithm::RNG_THREE_FRY; device type DEVICE_GPU_XLA_JIT; device type DEVICE_CPU_XLA_JIT,RandomAlgorithm::RNG_DEFAULT; unknown/random algorithm enum; unknown device type string; empty device type string,"alg=RNG_PHILOX; alg=RNG_THREE_FRY; alg=RNG_DEFAULT; alg=unsupported enum; device=""DEVICE_GPU_XLA_JIT""; device=""DEVICE_CPU_XLA_JIT""; device=""TPU""; device=""""; device=""UNKNOWN_DEVICE""","No numeric boundaries or range checks exist, so BVA is not applicable. ECP is based on enum-to-enum conversion in ToTensorflowAlgorithm() and device-type classification in DefaultRngAlgForDeviceType(). GPU/CPU XLA devices map to RNG_PHILOX; all other device strings map to RNG_DEFAULT."
function_2425,operator_,datasets/extracted/functions/function_2425_operator_.cpp,no,NA,NA,NA,NA,NA,yes,normalized LogSeverity; LogSeverityAtLeast kInfo/kWarning/kError/kFatal; LogSeverityAtLeast kInfinity; LogSeverityAtMost kInfo/kWarning/kError/kFatal; LogSeverityAtMost kNegativeInfinity,non-normalized LogSeverity; unsupported LogSeverityAtLeast enum value; unsupported LogSeverityAtMost enum value,s=kInfo; s=kWarning; s=kError; s=kFatal; s=non-normalized value; at_least=kInfo/kWarning/kError/kFatal; at_least=kInfinity; at_most=kInfo/kWarning/kError/kFatal; at_most=kNegativeInfinity; unsupported enum value,"No explicit numeric boundary is being validated, so BVA is not applicable. ECP is based on severity enum classes: normalized severities print their names, non-normalized severities print numeric fallback text, AtLeast severities print >=, AtMost severities print <=, and infinity cases have special string outputs."
function_2914,StringLikeSpan,datasets/extracted/functions/function_2914_StringLikeSpan.cpp,yes,i = 0 / size() = 0,i = size() - 1,i = -1,i = size(),size=0; size=1; size>1; i=-1; i=0; i=size()-1; i=size(),yes,span of const char* strings; span of std::string; span of std::string_view; empty span; non-empty span; valid index access,index i < 0; index i >= size(); invalid size_and_tag_ tag value,c_strings span; std::string span; std::string_view span; empty span; one-element span; multi-element span; i=0; i=size()-1; i=-1; i=size(); invalid tag,"BVA is based on operator[] index validation: valid access requires 0 <= i < size(). ECP is based on the stored string representation selected by the tag bits: C-string span, std::string span, std::string_view span, empty/non-empty spans, and invalid index/tag cases."
function_0010,CopyState,datasets/extracted/functions/function_0010_CopyState.cpp,yes,msg2.size() = 0,msg2.size() > 0,NA,NA,msg.size()=0; msg.size()=1; msg2.size()=0; msg2.size()=1,yes,OK status with state_ == nullptr; non-OK status with only msg; non-OK status with msg and msg2; each known status code; unknown status code,constructor called with code == kOk; corrupted/invalid state_; null state passed to CopyState(),state_=nullptr; code=kNotFound; code=kCorruption; code=kNotSupported; code=kInvalidArgument; code=kIOError; unknown code; msg2 empty; msg2 non-empty,"BVA is mainly based on msg2.size(): when msg2 is empty, no separator is added; when msg2 is non-empty, "": "" is inserted. ECP is based on ToString() branches: OK state, known status codes, unknown status code, and constructor formatting with/without second message."
function_2065,HloOpcodeString,datasets/extracted/functions/function_2065_HloOpcodeString.cpp,no,NA,NA,NA,NA,NA,yes,known HloOpcode enum; known opcode string; comparison opcode kCompare; variadic opcode; fixed-arity opcode; async opcode kAsyncStart/kAsyncUpdate/kAsyncDone,unknown opcode string; non-comparison opcode; non-variadic opcode; non-async opcode,"opcode_name valid; opcode_name=""unknown""; opcode=kCompare; opcode=kAdd; opcode with variadic arity; opcode with fixed arity; opcode=kAsyncStart; opcode=kAsyncUpdate; opcode=kAsyncDone; opcode non-async","No explicit numeric boundary or range validation exists, so BVA is not applicable. ECP is based on opcode classification: string-to-enum mapping, unknown string error, comparison vs non-comparison, variadic vs fixed arity, fixed arity vs nullopt, and async vs non-async opcode groups."
function_3110,operator_,datasets/extracted/functions/function_3110_operator_.cpp,yes,size = 0 / alignment = default alignment,size > 0 / alignment > default alignment,NA,alignment greater than __STDCPP_DEFAULT_NEW_ALIGNMENT__,size=0; size=1; alignment=__STDCPP_DEFAULT_NEW_ALIGNMENT__; alignment=__STDCPP_DEFAULT_NEW_ALIGNMENT__ + 1; ptr=nullptr; ptr=valid pointer,yes,memory management kPooling; memory management kReferenceCounting; allocate with size 0; allocate with default alignment; allocate with over-aligned alignment; deallocate nullptr with size 0; deallocate valid pointer with default alignment; deallocate valid pointer with over-aligned alignment,alignment not power of 2; deallocate nullptr with non-zero size; deallocate valid pointer with size 0,"MemoryManagement::kPooling; MemoryManagement::kReferenceCounting; size=0; size>0; alignment power of 2; alignment not power of 2; alignment<=default; alignment>default; ptr=nullptr,size=0; ptr=nullptr,size>0; ptr valid,size>0","BVA is based on allocation size and alignment threshold. Allocate() returns nullptr when size is 0, uses normal new when alignment is less than or equal to default alignment, and aligned new when alignment is greater than default alignment. Deallocate() has separate behavior for nullptr and valid pointers."
function_0833,NcclBase,datasets/extracted/functions/function_0833_NcclBase.cpp,no,NA,NA,NA,NA,NA,yes,matching collective type and expected NCCL name; REDUCTION_COLLECTIVE with NcclReduce; BROADCAST_COLLECTIVE with NcclBroadcast; GATHER_COLLECTIVE with NcclGather; REDUCE_SCATTER_COLLECTIVE with NcclReduceScatter; ALL_TO_ALL_COLLECTIVE with NcclAllToAll; valid collective context,type mismatch between type_ and col_params->instance.type; unexpected CollectiveType; collective name mismatch; null col_params; null col_ctx; invalid device/locality initialization,"type=REDUCTION_COLLECTIVE,name=NcclReduce; type=BROADCAST_COLLECTIVE,name=NcclBroadcast; type=GATHER_COLLECTIVE,name=NcclGather; type=REDUCE_SCATTER_COLLECTIVE,name=NcclReduceScatter; type=ALL_TO_ALL_COLLECTIVE,name=NcclAllToAll; type mismatch; name mismatch; unsupported type","No numeric boundary or size range is present, so BVA is not applicable. ECP is based on collective type/name mapping, type mismatch detection, unsupported collective type handling, and valid/invalid collective context initialization."
function_1298,to_string,datasets/extracted/functions/function_1298_to_string.cpp,no,NA,NA,NA,NA,NA,yes,ReadWriteMode dynamic; read; write; read_write; OpenMode open; create; delete_existing; assume_metadata; mode supports required read; mode supports required write; mode supports both read and write,unknown ReadWriteMode; mode does not support read; mode does not support write; required_modes contains read but mode lacks read; required_modes contains write but mode lacks write,mode=dynamic; mode=read; mode=write; mode=read_write; mode=unknown; OpenMode=open; OpenMode=create; OpenMode=open|create; OpenMode=delete_existing; OpenMode=assume_metadata; required=read with mode=write; required=write with mode=read; required=read_write with mode=read/write/read_write,"No numeric boundary or range check is present, so BVA is not applicable. ECP is based on enum and bitmask mode classes: read/write capability, open/create/delete/assume metadata flags, unsupported read/write validation, and unknown ReadWriteMode fallback string."
function_0480,MaybeInferShape,datasets/extracted/functions/function_0480_MaybeInferShape.cpp,no,NA,NA,NA,NA,NA,yes,instruction opcode kDot; instruction opcode kConvolution; shape inference succeeds; inferred shape has value; inferred element type differs from current element type; inferred shape has higher precision; result convert is inserted,unsupported opcode; shape inference fails; inferred shape has no value; inferred element type same as current element type; current shape already higher/equal precision; null instruction,opcode=kDot; opcode=kConvolution; opcode=kAdd; MaybeInferShape returns error; MaybeInferShape returns nullopt; inferred type != current type and higher precision; inferred type == current type; current type higher precision,"No direct numeric input boundary is present, so BVA is not applicable. ECP is based on opcode support and inferred-shape conditions: only Dot and Convolution are candidates, shape inference must succeed, inferred shape must exist, and inferred element type must be higher precision than the instruction result type before a Convert is inserted."
function_0737,PrefetchAutotuner,datasets/extracted/functions/function_0737_PrefetchAutotuner.cpp,yes,buffer_limit_ = 1 / current_buffer_size = 0,buffer_limit_ = kBufferLimitThreshold,initial_buffer_size = kAutotune with buffer_size_min < 1,buffer_limit_ > kBufferLimitThreshold,initial_buffer_size=kAutotune; buffer_size_min=0; buffer_size_min=1; current_buffer_size=0; current_buffer_size=buffer_limit_; buffer_limit_=2047; buffer_limit_=2048; buffer_limit_=2049,yes,autotune mode starts in kUpswing; disabled mode returns without change; kUpswing with current_buffer_size equal to buffer_limit_; kDownswing with current_buffer_size non-zero; kDownswing with current_buffer_size zero and element size set; buffer limit below threshold doubles; buffer limit at/above threshold increases by threshold; RAM budget request succeeds,element size not set during downswing empty buffer; RAM budget request fails; initial RAM request exceeds budget,initial_buffer_size=kAutotune; mode=kDisabled; mode=kUpswing with current_buffer_size=buffer_limit_; mode=kDownswing with current_buffer_size=0; element_size_bytes unset; element_size_bytes set; buffer_limit_=2047; buffer_limit_=2048; ram_budget_manager=nullptr; RAM request success; RAM request failure,"BVA is based on autotune initialization, empty-buffer consumption, and the buffer growth threshold kBufferLimitThreshold = 2048. Below 2048 the buffer doubles; at or above 2048 it grows by 2048. ECP is based on mode transitions, RAM budget availability, element-size availability, and current buffer state."
function_0656,TfTensorView,datasets/extracted/functions/function_0656_TfTensorView.cpp,no,NA,NA,NA,NA,NA,yes,supported dtype DT_BOOL; DT_UINT8; DT_UINT64; DT_INT8; DT_INT16; DT_INT32; DT_INT64; DT_FLOAT; DT_DOUBLE; DT_STRING; copy constructor; move constructor; copy assignment; move assignment; self-assignment,unsupported tensor dtype; null wrapped_tensor,dtype=DT_BOOL; dtype=DT_UINT8; dtype=DT_UINT64; dtype=DT_INT8; dtype=DT_INT16; dtype=DT_INT32; dtype=DT_INT64; dtype=DT_FLOAT; dtype=DT_DOUBLE; dtype=DT_STRING; dtype=unsupported; wrapped_tensor=nullptr; self-assignment,"No numeric boundary or range check exists, so BVA is not applicable. ECP is based on Tensor dtype dispatch and object-copy/move behavior. Supported TensorFlow dtypes create a TfTensorView; unsupported dtype returns UnimplementedError; copy/move operations must preserve shape_data_ and reset shape_ to the moved/copied data."
function_1907,ParsedJsonValue,datasets/extracted/functions/function_1907_ParsedJsonValue.cpp,yes,string.empty() = true,string.empty() = false,NA,NA,KIND_NOT_SET; NullValue; BoolValue; NumberValue; empty string; non-empty string; empty Cord; non-empty Cord,yes,JSON null kind; bool kind; number kind; empty string kind; non-empty string backed by scratch; non-empty string backed by message; empty Cord; non-empty Cord; list value; struct value,unexpected value kind case; invalid/malformed protobuf Value message,kind=KIND_NOT_SET; kind=kNullValue; kind=kBoolValue; kind=kNumberValue; kind=kStringValue empty; kind=kStringValue non-empty string_view from scratch; kind=kStringValue non-empty borrowed string_view; kind=kStringValue empty Cord; kind=kStringValue non-empty Cord; kind=kListValue; kind=kStructValue; kind=unexpected,"BVA is based on empty vs non-empty string/Cord handling inside the string-value branch. ECP is based on protobuf Value kind cases: null, bool, number, string, list, struct, and unexpected kind. Empty string/Cord creates default StringValue, while non-empty values are stored either by move, borrow, or Cord ownership."
function_1222,convertToValidationFailureType,datasets/extracted/functions/function_1222_convertToValidationFailureType.cpp,no,NA,NA,NA,NA,NA,yes,compatibility status OK; status kInvalidArgument; status kUnimplemented; status kInternal; status kOutOfRange; online mode unsupported; empty DCC configuration map,unknown status code; null op_result; null result; null model_buffer; unsupported online compatibility check,status=OK; status=kInvalidArgument; status=kUnimplemented; status=kInternal; status=kOutOfRange; status=unknown/default; CheckGpuDelegateCompatibility returns OK; CheckGpuDelegateCompatibility returns error; checkModelCompatibilityOnline called,"No numeric boundary or range check exists, so BVA is not applicable. ECP is based on status-code mapping in convertToValidationFailureType(), supported/unsupported compatibility outcomes in checkOpSigCompatibility(), and unimplemented online mode behavior."
function_0131,IsWellKnownMessageType,datasets/extracted/functions/function_0131_IsWellKnownMessageType.cpp,no,NA,NA,NA,NA,NA,yes,well-known wrapper message types; Any; Duration; Timestamp; Value; ListValue; Struct; valid MessageType descriptor; valid MessageTypeField descriptor,non-well-known message type; null/invalid MessageType; null/invalid MessageTypeField; null descriptor,WELLKNOWNTYPE_BOOLVALUE; WELLKNOWNTYPE_INT32VALUE; WELLKNOWNTYPE_STRINGVALUE; WELLKNOWNTYPE_ANY; WELLKNOWNTYPE_DURATION; WELLKNOWNTYPE_TIMESTAMP; WELLKNOWNTYPE_VALUE; WELLKNOWNTYPE_LISTVALUE; WELLKNOWNTYPE_STRUCT; non-well-known descriptor; invalid MessageType; invalid MessageTypeField,"No numeric boundary or range check exists, so BVA is not applicable. ECP is based on descriptor well-known-type categories and valid/invalid descriptor wrapper objects. Well-known protobuf types return true, other descriptor types return false, and debug string behavior depends on whether MessageType or MessageTypeField is valid."
function_2406,CreateDcnMessageFromStats,datasets/extracted/functions/function_2406_CreateDcnMessageFromStats.cpp,yes,duration_us = 0,duration_us > 0,NA,NA,duration_us=0; duration_us=1; missing required stat; slice_src=slice_dst; slice_src!=slice_dst,yes,DCN event name starts with MegaScale:; all required keys present; duration_us greater than 0; source and destination slices different; source and destination slices same loopback,event name not starting with MegaScale:; missing collective_name; missing slice_src; missing tpu_src; missing slice_dst; missing tpu_dst; missing size_bytes; duration_us equal to 0,event.Name()=MegaScale:...; event.Name()=OtherEvent; all stats present with duration_us>0 and slice_src!=slice_dst; all stats present with slice_src==slice_dst; missing required stat; duration_us=0,"BVA is based on duration_us == 0 versus duration_us > 0 and source/destination equality. ECP is based on required DCN stat presence, clock-skew invalidation, loopback classification, valid DCN message classification, and event-name prefix detection using MegaScale:."
function_1255,Prepare,datasets/extracted/functions/function_1255_Prepare.cpp,yes,NumInputs = 2 / NumOutputs = 1,table size = LUTSize,NumInputs < 2 / table size < LUTSize,NumInputs > 2 / table size > LUTSize,NumInputs=1; NumInputs=2; NumInputs=3; NumOutputs=0; NumOutputs=1; NumOutputs=2; table size=LUTSize-1; table size=LUTSize; table size=LUTSize+1; zero_point=0; zero_point!=0,yes,input type int8; input type int16; matching input/output/table types; int16 input/output zero_point = 0; table is 1D; table size equals LUTSize<int8_t>; table size equals LUTSize<int16_t>,wrong number of inputs; wrong number of outputs; unsupported input type; input/output type mismatch; output/table type mismatch; int16 zero_point not 0; table not 1D; table size mismatch,input type=kTfLiteInt8; input type=kTfLiteInt16; input type=unsupported; NumInputs=2; NumInputs!=2; NumOutputs=1; NumOutputs!=1; table dimension=1; table dimension!=1; table size valid; table size invalid; zero_point=0; zero_point!=0,"BVA is based on strict input/output count checks, LUT table-size requirements, and int16 zero-point validation. ECP is based on supported tensor type partitions, tensor type consistency, table dimension/size validation, and Eval dispatch for int8 versus int16 lookup-table execution."
function_0640,GetCurrentHloPassMetadata,datasets/extracted/functions/function_0640_GetCurrentHloPassMetadata.cpp,yes,running_passes_.size() = 0,running_passes_.size() > 0,NA,NA,running_passes empty; one running pass; multiple running passes; next_pass_id_ initial value; next_pass_id_ after increment,yes,no currently running pass; current pass exists; RecordPassStart adds pass metadata; RecordPassEnd ends current pass; mutator updates current pass metadata; prepartitioning metadata with running passes; custom metadata PackFrom succeeds,GetCurrentHloPassMetadata called with no running pass; RecordPassEnd called with no running pass; set_custom_metadata called with no running pass; custom metadata PackFrom fails,running_passes empty; running_passes contains one pass; running_passes contains nested passes; RecordPassStart; RecordPassEnd; MutateCurrentHloPassMetadata; set_prepartitioning_metadata with active/inactive passes; PackFrom success; PackFrom failure,"BVA is based on running_passes_ stack size: empty stack returns NotFound, non-empty stack returns the most recent pass metadata, and nested passes use the back element. ECP is based on pass lifecycle operations: start, mutate, end, prepartitioning split between active and inactive passes, and custom metadata packing success/failure."
function_2264,RandomStandardNormalSample,datasets/extracted/functions/function_2264_RandomStandardNormalSample.cpp,yes,output_size = 0 / NumInputs = 1,output_size > 0 / NumOutputs = 1,NumInputs = 0 / NumOutputs = 0,NumInputs > 1 / NumOutputs > 1,NumInputs=0; NumInputs=1; NumInputs=2; NumOutputs=0; NumOutputs=1; NumOutputs=2; output_size=0; output_size=1; output_size>1,yes,one shape input; one output tensor; shape tensor type int32; shape tensor is 1D; constant/persistent shape tensor; dynamic shape tensor; output type Float32; output type Float64; non-null OpData,wrong number of inputs; wrong number of outputs; shape tensor type not int32; shape tensor not 1D; null user_data; unsupported output type,NumInputs=1; NumInputs!=1; NumOutputs=1; NumOutputs!=1; shape type=kTfLiteInt32; shape type unsupported; NumDimensions(shape)=1; NumDimensions(shape)!=1; shape constant; shape dynamic; output type=kTfLiteFloat32; output type=kTfLiteFloat64; output type unsupported; user_data=nullptr,"BVA is based on input/output count checks and output element count. Prepare() requires exactly one input, one output, int32 shape tensor, and 1D shape. Eval() handles dynamic output resizing and samples zero, one, or multiple output elements depending on NumElements(output)."
function_0141,switch,datasets/extracted/functions/function_0141_switch.cpp,yes,operand_count = HloDotInstruction::kOperands,compute capability threshold AMPERE / HOPPER,operand_count < HloDotInstruction::kOperands,compute capability above threshold,operand_count below required; operand_count equals required; compute capability below AMPERE; compute capability = AMPERE; compute capability below HOPPER; compute capability = HOPPER,yes,"mixed precision Dot F16,F16?F32; mixed precision Dot BF16,BF16?F32; BF16 supported operation; F8E4M3FN with CUDA AMPERE or above and Triton fused computation; F8E5M2 with CUDA HOPPER or above and Triton fused computation; layout-only/data-movement opcodes supported",non-Dot mixed precision unsupported by base FloatSupport; Dot with unsupported operand/result types; F8 type with insufficient compute capability; F8 type without CUDA compute capability; F8 type without Triton fused computation; Add/Subtract/Multiply BF16 below Hopper; unsupported opcode,"opcode=kDot with F16,F16,F32; opcode=kDot with BF16,BF16,F32; opcode=kDot unsupported type combination; LowPrecisionType=BF16; LowPrecisionType=F8E4M3FN with AMPERE; LowPrecisionType=F8E5M2 with HOPPER; CUDA capability below threshold; compute_capability not CUDA; IsTritonFusedComputation=true/false; opcode=kAdd/kSubtract/kMultiply with BF16 below/at Hopper","BVA is based on required Dot operand count and GPU compute capability thresholds. ECP is based on opcode groups, low-precision type, CUDA capability, Triton fusion requirement, and mixed-precision Dot type combinations."
function_2390,IsInOrderArch,datasets/extracted/functions/function_2390_IsInOrderArch.cpp,yes,processors_count = 0 / frequency = 0,processors_count > 0 / frequency > 0,NA,NA,cpuinfo_initialize=false; processors_count=0; processors_count=1; processors_count>1; frequency=0; frequency>0; count_of_processors_with_largest_max_frequency=2; count equals processors_count; cluster count=1,yes,cpuinfo initialization succeeds; single cluster CPU; multiple clusters CPU; all processors have same largest frequency; exactly two processors have largest frequency; processor has smallest frequency; in-order architecture; out-of-order architecture; Android affinity assignment,cpuinfo initialization fails; processor frequency is zero; missing/invalid processor or cluster information; no usable frequency data,cpuinfo_initialize=false; one processor; multiple processors; one cluster; multiple clusters; all same frequency; two largest-frequency processors; smallest-frequency processor; arch=cortex_a53/a55/a57; arch=other; frequency=0; frequency>0,"BVA is based on processor count, frequency availability, and cluster/frequency classification thresholds. ECP is based on CPU topology classes: initialization failure, single vs multiple clusters, equal vs mixed frequencies, exactly two big cores, in-order vs other microarchitectures, and Android big/little affinity assignment."
function_1053,Run,datasets/extracted/functions/function_1053_Run.cpp,yes,num_indices = 0,num_indices > 0,NA,NA,num_indices=0; num_indices=1; num_indices>1; index_operand scalar; index_operand rank=1,yes,dynamic slice with rank 0 input; dynamic update slice with rank 0 input; dynamic slice with scalar index operand; dynamic update slice with scalar index operand; dynamic slice with 1D index vector; dynamic update slice with 1D index vector; non-dynamic operation skipped,index operand rank not scalar and not rank 1; null module; unsupported/malformed dynamic index instruction,opcode=kDynamicSlice; opcode=kDynamicUpdateSlice; opcode=kAdd/non-dynamic; num_indices=0 update; num_indices=0 slice; num_indices=1; num_indices>1; scalar index operand; rank-1 index operand; rank>1 index operand,"BVA is based on num_indices == 0 versus num_indices > 0 and scalar versus vector index operands. ECP is based on operation type: dynamic slice, dynamic update slice, non-dynamic instructions skipped, rank-0 replacement behavior, scalar index operands left unchanged, and rank-1 index vectors split into scalar indices."
function_2955,IsAllowedS4U4CustomCall,datasets/extracted/functions/function_2955_IsAllowedS4U4CustomCall.cpp,no,NA,NA,NA,NA,NA,yes,shape without layout; shape with supported dense layout; allowed sub-byte instruction opcode; allowed S4/U4 custom call target Sharding; non-sub-byte type with element_size_in_bits = 0,sparse shape layout; non-sub-byte type with custom element_size_in_bits != 0; sub-byte non-predicate type used in unsupported opcode; custom call with sub-byte type but target not allow-listed,"shape.has_layout=false; sparse layout; dense layout; element_size_in_bits=0; element_size_in_bits!=0 on non-sub-byte type; opcode=kBitcast/kBroadcast/kCall/kConstant/kConcatenate/kConvert/kCopy/kDynamicSlice/kDynamicUpdateSlice/kFusion/kGetTupleElement/kParameter/kSlice/kTuple/kWhile; opcode=kCustomCall,target=Sharding; opcode=kCustomCall,target=unsupported; opcode=kAdd with S4/U4","No numeric input boundary is central here, so BVA is not applicable. ECP is based on shape-layout classes and opcode allow-listing: sparse layouts are rejected, custom element sizes on non-sub-byte types are rejected, S4/U4 sub-byte types are allowed only for specific opcodes or the Sharding custom call, and rejected elsewhere."
function_2678,ConsumeUnboundConversionNoInline,datasets/extracted/functions/function_2678_ConsumeUnboundConversionNoInline.cpp,yes,format.empty() = true / pos = 1,pos = convs.size(),pos = 0,pos > convs.size(),empty format string; non-empty format string; pos=0; pos=1; pos=convs.size(); pos=convs.size()+1; used.size()=convs.size(); used.size()<convs.size(),yes,empty format string; plain text only; valid conversion; valid width from argument; valid precision from argument; matching conversion charset; ignored conversions allowed,parse format string fails; conversion arg position out of range; conversion character not contained in expected charset; width-from-arg position invalid; precision-from-arg position invalid; ignored conversions not allowed,"format=""""; format=""plain text""; valid format like ""%d""; invalid format like ""%""; width from arg ""%*d""; precision from arg ""%.*f""; pos=0; pos=1; pos>convs.size(); allow_ignored=true; allow_ignored=false","BVA is based on empty/non-empty format strings and conversion argument-position checks inside MatchesConversions(). ECP is based on format parsing success, plain text versus conversion items, width/precision arguments, conversion charset matching, out-of-range argument positions, and whether ignored arguments are allowed."
function_0476,ROTL,datasets/extracted/functions/function_0476_ROTL.cpp,yes,block_size = 16 / rounds = 4,block_size = 64 / new_index = max_index,rounds < 4 / index > max_index,block_size > 64 / rounds odd,max_index=1; block_size=16; block_size=18; block_size=64; rounds=2; rounds=4; rounds=5; rounds=6; index=0; index=max_index; index>max_index,yes,minimum block size path; even block size dispatch 16-62; default block size 64; valid even rounds >=4; shuffled index within max_index; key schedule with valid rounds,rounds < 4; rounds odd; max_index causing invalid block size; index greater than max_index; encryption repeatedly produces value > max_index,max_index small forcing block_size=16; max_index producing block_size=18/20/.../62; max_index producing default 64; rounds=4; rounds=6; rounds odd; rounds<4; index=0; index=max_index; index>max_index,"BVA is based on block-size calculation, minimum block size 16, maximum allowed block size 64, valid even rounds starting at 4, and index range relative to max_index. ECP is based on block-size dispatch cases, valid/invalid rounds, key schedule behavior, and rejection-loop behavior until encrypted index is within max_index."
function_2446,CalculateBase64EscapedLenInternal,datasets/extracted/functions/function_2446_CalculateBase64EscapedLenInternal.cpp,yes,input_len % 3 = 0 / szsrc = 0,input_len % 3 = 2 / szsrc = 3,szdest too small,input_len > kMaxSize,input_len=0; input_len=1; input_len=2; input_len=3; input_len=4; input_len=kMaxSize; input_len=kMaxSize+1; szdest smaller than required; do_padding=true; do_padding=false,yes,input length multiple of 3; input length remainder 1; input length remainder 2; padding enabled; padding disabled; standard Base64 alphabet; web-safe Base64 alphabet; destination buffer large enough,input length overflow; destination buffer too small; szdest < 2 for one remaining byte; szdest < 3 for two remaining bytes; szdest < 4 for three remaining bytes,input_len=0; input_len=1; input_len=2; input_len=3; input_len=4; do_padding=true; do_padding=false; standard base64 chars; web-safe base64 chars; insufficient destination buffer,"BVA is based on Base64 grouping by 3 input bytes, remainder handling for 0/1/2 bytes, optional padding, destination capacity checks, and overflow guard using kMaxSize."
function_2825,operator_,datasets/extracted/functions/function_2825_operator_.cpp,yes,destructor_depth = 0 / node_deps_.size() = 0,destructor_depth = kMaxDepth,NA,destructor_depth > kMaxDepth,node_deps empty; node_deps size=1; destructor_depth=1; destructor_depth=32; destructor_depth=33,yes,literal node; leaf node; placeholder node; operator node with dependencies; operator node without dependencies; destructor with empty dependencies; destructor with nested dependencies within max depth,null operator pointer; null dependency node; destructor recursion depth greater than kMaxDepth; unknown ExprNodeType,type=kLiteral; type=kLeaf; type=kPlaceholder; type=kOperator; unknown ExprNodeType; op=nullptr; dependency=nullptr; node_deps empty; node_deps non-empty; destructor_depth<=32; destructor_depth>32,"BVA is based on destructor recursion depth and dependency count. The destructor returns immediately for empty dependencies, clears dependencies normally up to kMaxDepth = 32, and defers cleanup when destructor_depth > kMaxDepth. ECP is based on node type construction, operator dependency handling, and destructor cleanup paths."
function_1536,SplitNameAndMetadata,datasets/extracted/functions/function_1536_SplitNameAndMetadata.cpp,yes,parts.size() = 1 / metadata.size() = 0,parts.size() = 2,NA,parts.size() > 2,annotation without metadata; annotation with one #; annotation with multiple #; empty metadata; one key-value pair; multiple key-value pairs; annotation_stack empty; annotation_stack with one item; annotation_stack with multiple :: items,yes,annotation without metadata; annotation with metadata; valid key=value pair; multiple key=value pairs; comma inside quotes/brackets ignored; annotation stack with multiple annotations,metadata pair without =; empty key; empty value; unmatched quote/bracket; empty annotation stack item,"name; name#k=v#; name#a=1,b=2#; name#a='x,y'#; name#a=(x,y)#; name#a#; name#=v#; name#k=#; a::b#k=v#","BVA is based on metadata splitting and stack parsing: no metadata gives one name part, valid metadata gives name plus metadata, multiple # parts are truncated to two, and annotation stacks are split by ::. ECP is based on valid/invalid metadata pairs, quoted/bracketed commas, whitespace trimming, and empty entries skipped from annotation stacks."
